{"cameraMode":{"drawMode":0,"name":"Shaded","section":"Shading Mode"},"sceneLighting":false,"audioPlay":false,"sceneViewState":{"m_AlwaysRefresh":false,"showFog":true,"showSkybox":false,"showFlares":true,"showImageEffects":true,"showParticleSystems":true,"showVisualEffectGraphs":true,"m_FxEnabled":false},"in2DMode":false,"pivot":{"x":-11.955907821655274,"y":-1.3285109996795655,"z":-0.19881945848464967},"rotation":{"x":-0.16715870797634126,"y":0.06444011628627777,"z":-0.010956421494483948,"w":-0.9837700128555298},"size":3.0712180137634279,"orthographic":false}